{"TITLE":"ESRF HIGH BETA UNDULATOR","ENERGY":6.039999961853027,"CUR":0.100000001490116,"SIGX":0.400000005960464,"SIGY":0.079999998211861,"SIGX1":0.016000000759959,"SIGY1":0.00899999961257,"ITYPE":1,"PERIOD":0.046000000089407,"N":32,"KX":0.0,"KY":1.700000047683716,"PHASE":0.0,"EMIN":10000.0,"EMAX":50000.0,"NENERGY":100,"D":27.0,"XPC":0.0,"YPC":0.0,"XPS":3.0,"YPS":3.0,"NXP":25,"NYP":25,"MODE":4,"ICALC":2,"IHARM":-1,"NPHI":0,"NSIG":0,"NALPHA":0,"DALPHA":0.0,"NOMEGA":0,"DOMEGA":0.0}
